year,id,hlthinf,hlthgov,hlthtax,hlthsat,conhlth
2022,1,2,5,2,3,3.0
2022,3,4,2,4,3,4.0
2022,5,2,5,5,5,4.0
2022,6,1,5,2,4,5.0
2022,7,3,4,2,3,3.0
2022,8,1,5,1,3,3.0
2022,12,2,4,2,6,3.0
2022,27,1,5,1,2,3.0
2022,31,2,5,4,3,2.0
2022,34,2,4,2,3,3.0
2022,40,1,4,2,5,4.0
2022,45,3,4,4,5,3.0
2022,46,1,4,3,6,5.0
2022,50,5,3,2,2,2.0
2022,51,2,5,1,3,3.0
2022,53,2,4,2,2,1.0
2022,55,4,4,2,3,3.0
2022,59,4,4,5,1,1.0
2022,61,3,4,3,3,3.0
2022,62,3,1,2,2,3.0
2022,64,2,2,2,2,3.0
2022,65,3,2,5,2,2.0
2022,67,2,4,2,3,3.0
2022,77,3,4,5,6,4.0
2022,82,2,3,3,5,3.0
2022,98,2,5,2,3,4.0
2022,101,2,4,4,7,4.0
2022,102,1,4,4,5,4.0
2022,103,5,5,3,5,4.0
2022,105,1,4,1,2,2.0
2022,108,3,4,3,3,2.0
2022,113,2,4,2,6,4.0
2022,120,1,1,1,6,4.0
2022,125,3,4,5,2,2.0
2022,129,2,2,5,1,3.0
2022,130,1,5,1,6,4.0
2022,131,2,4,2,6,5.0
2022,139,1,4,2,3,3.0
2022,145,4,5,5,3,2.0
2022,147,4,5,5,2,2.0
2022,153,2,4,2,3,3.0
2022,161,4,4,4,3,3.0
2022,168,3,2,4,3,4.0
2022,170,1,2,5,6,4.0
2022,177,3,4,4,3,2.0
2022,178,4,4,2,3,3.0
2022,188,1,3,4,3,3.0
2022,189,5,4,2,4,3.0
2022,206,3,3,2,4,2.0
2022,208,2,5,4,3,3.0
2022,209,2,4,4,2,1.0
2022,210,4,3,4,2,2.0
2022,219,2,4,5,4,5.0
2022,221,1,4,2,3,3.0
2022,223,2,2,3,4,3.0
2022,224,2,4,4,3,3.0
2022,226,1,5,2,6,4.0
2022,229,1,4,2,4,3.0
2022,230,2,3,5,4,3.0
2022,231,1,3,3,5,4.0
2022,232,2,5,3,6,3.0
2022,236,2,5,2,3,3.0
2022,242,2,5,4,4,4.0
2022,245,1,5,5,6,4.0
2022,246,2,5,1,7,4.0
2022,250,3,4,2,2,3.0
2022,254,1,5,2,5,5.0
2022,255,2,5,5,5,4.0
2022,259,4,4,1,1,3.0
2022,260,3,4,3,3,3.0
2022,261,2,1,2,1,1.0
2022,262,2,3,5,1,3.0
2022,277,4,2,4,2,2.0
2022,279,2,3,2,3,3.0
2022,280,3,3,5,3,3.0
2022,284,2,5,2,2,2.0
2022,286,1,5,3,5,3.0
2022,287,3,3,2,3,2.0
2022,289,1,4,4,6,4.0
2022,292,3,4,2,3,2.0
2022,294,1,4,2,3,2.0
2022,301,3,2,5,3,2.0
2022,305,2,4,3,3,3.0
2022,308,2,5,2,3,2.0
2022,310,4,5,3,3,2.0
2022,312,2,4,5,4,3.0
2022,314,5,5,2,7,5.0
2022,316,1,1,2,5,4.0
2022,322,5,4,2,3,3.0
2022,323,2,5,5,4,3.0
2022,325,3,3,3,5,3.0
2022,329,2,4,5,6,4.0
2022,337,2,3,2,5,3.0
2022,338,1,5,2,3,3.0
2022,341,1,4,3,4,1.0
2022,352,2,5,2,3,3.0
2022,353,2,2,2,3,2.0
2022,355,3,3,3,3,2.0
2022,357,4,3,4,2,2.0
2022,365,3,5,1,3,3.0
2022,367,4,3,3,3,3.0
2022,370,5,5,1,2,2.0
2022,373,1,5,5,4,5.0
2022,377,4,4,2,2,3.0
2022,379,2,4,3,1,1.0
2022,382,1,2,4,5,2.0
2022,385,4,4,4,3,3.0
2022,386,2,4,1,5,4.0
2022,388,1,2,3,3,2.0
2022,389,3,4,5,2,2.0
2022,400,2,2,1,3,4.0
2022,402,1,5,4,1,1.0
2022,404,2,2,5,5,3.0
2022,406,5,2,4,3,3.0
2022,415,1,5,2,3,3.0
2022,418,3,4,4,3,4.0
2022,420,3,4,2,3,2.0
2022,422,2,4,1,5,2.0
2022,423,3,3,3,3,2.0
2022,432,1,4,2,5,3.0
2022,433,4,3,4,4,3.0
2022,435,2,4,4,2,2.0
2022,442,4,4,1,2,2.0
2022,444,2,3,2,5,4.0
2022,445,3,3,5,2,2.0
2022,446,1,5,2,6,4.0
2022,452,3,3,3,4,4.0
2022,455,1,5,1,6,4.0
2022,456,1,4,3,5,4.0
2022,458,3,4,1,3,2.0
2022,462,2,2,2,3,3.0
2022,464,4,5,2,3,2.0
2022,468,1,5,1,7,5.0
2022,470,1,5,3,3,4.0
2022,481,1,3,4,3,2.0
2022,482,1,3,3,5,3.0
2022,486,4,4,2,3,3.0
2022,489,1,4,4,5,5.0
2022,491,2,5,5,5,3.0
2022,493,4,4,2,3,3.0
2022,494,2,2,2,1,2.0
2022,496,4,4,2,2,3.0
2022,497,3,3,2,4,3.0
2022,501,2,5,5,3,4.0
2022,502,1,3,1,3,3.0
2022,505,1,4,2,3,3.0
2022,507,2,4,1,3,2.0
2022,509,3,3,2,2,2.0
2022,513,2,4,2,3,3.0
2022,515,1,5,1,5,3.0
2022,517,4,4,2,1,1.0
2022,519,1,4,2,5,3.0
2022,524,1,5,2,6,5.0
2022,528,2,3,2,3,3.0
2022,529,2,4,1,5,4.0
2022,530,2,4,5,5,3.0
2022,532,3,4,4,3,3.0
2022,534,2,4,2,3,4.0
2022,543,1,5,2,5,3.0
2022,545,4,2,4,3,2.0
2022,547,2,4,2,4,1.0
2022,550,1,4,2,5,4.0
2022,551,1,4,5,6,5.0
2022,559,2,4,2,2,1.0
2022,560,5,4,4,1,2.0
2022,561,2,3,3,3,3.0
2022,566,1,5,1,6,3.0
2022,567,1,5,3,6,3.0
2022,569,1,4,5,7,4.0
2022,570,1,4,1,5,3.0
2022,571,1,4,3,5,4.0
2022,576,3,3,5,3,4.0
2022,580,1,5,1,7,5.0
2022,581,2,2,5,2,1.0
2022,586,2,4,2,3,2.0
2022,588,2,3,1,3,3.0
2022,589,4,3,4,1,1.0
2022,595,3,5,1,2,2.0
2022,596,4,5,2,2,2.0
2022,600,1,4,1,3,3.0
2022,603,1,5,2,3,3.0
2022,606,1,4,3,5,4.0
2022,609,2,4,1,4,3.0
2022,610,2,4,2,5,4.0
2022,611,2,3,2,3,3.0
2022,615,2,4,2,3,3.0
2022,619,4,5,5,3,3.0
2022,620,3,4,2,2,2.0
2022,621,2,4,2,3,3.0
2022,629,2,4,2,4,4.0
2022,632,2,4,5,7,5.0
2022,636,3,2,2,2,2.0
2022,638,3,2,5,1,3.0
2022,641,3,2,4,3,3.0
2022,652,3,5,1,5,4.0
2022,653,4,3,4,5,4.0
2022,654,2,4,1,6,4.0
2022,656,2,3,3,3,2.0
2022,657,4,4,2,2,2.0
2022,660,1,4,2,4,3.0
2022,661,2,4,4,3,2.0
2022,668,1,2,5,3,2.0
2022,670,1,5,2,5,4.0
2022,678,3,4,3,3,2.0
2022,679,3,5,3,4,3.0
2022,686,3,2,3,3,3.0
2022,691,2,3,2,1,3.0
2022,693,1,4,4,7,5.0
2022,694,2,4,2,3,3.0
2022,695,1,4,2,5,4.0
2022,700,2,4,2,3,3.0
2022,701,3,3,1,3,2.0
2022,709,2,4,5,3,2.0
2022,712,4,3,2,2,2.0
2022,714,1,4,4,7,5.0
2022,717,4,1,5,2,2.0
2022,719,3,3,2,3,3.0
2022,720,1,5,5,4,4.0
2022,721,2,3,3,3,3.0
2022,722,1,4,5,7,4.0
2022,723,2,4,2,3,3.0
2022,725,4,5,5,3,2.0
2022,727,1,5,2,5,4.0
2022,732,4,5,2,3,1.0
2022,733,2,5,1,7,4.0
2022,734,1,5,2,3,2.0
2022,741,1,5,4,3,3.0
2022,742,1,3,3,5,3.0
2022,745,3,2,4,2,2.0
2022,746,3,5,5,3,3.0
2022,751,3,4,3,2,2.0
2022,760,2,5,3,3,3.0
2022,769,1,5,2,2,3.0
2022,770,2,3,3,5,3.0
2022,774,1,5,1,5,3.0
2022,779,3,3,5,2,2.0
2022,780,2,5,4,3,3.0
2022,788,1,3,5,5,4.0
2022,790,2,2,5,3,3.0
2022,795,3,3,3,3,3.0
2022,797,1,1,5,5,3.0
2022,800,4,2,4,3,2.0
2022,801,2,2,4,3,3.0
2022,805,1,4,2,7,5.0
2022,810,3,5,4,2,3.0
2022,811,2,4,2,6,4.0
2022,812,5,5,2,7,5.0
2022,822,2,4,3,4,2.0
2022,823,2,2,5,5,3.0
2022,829,1,3,4,3,2.0
2022,830,5,4,4,1,2.0
2022,835,3,4,2,2,2.0
2022,837,2,3,4,3,3.0
2022,838,2,4,4,4,4.0
2022,839,2,2,2,5,4.0
2022,840,2,2,3,5,4.0
2022,841,2,5,1,3,3.0
2022,846,3,5,2,3,4.0
2022,854,2,4,3,3,4.0
2022,860,1,4,5,2,3.0
2022,864,2,4,2,5,3.0
2022,866,4,4,2,6,4.0
2022,869,1,4,1,3,2.0
2022,874,2,2,3,4,2.0
2022,882,4,4,2,2,2.0
2022,883,4,4,3,4,2.0
2022,885,2,5,1,5,3.0
2022,886,3,3,3,3,2.0
2022,888,2,4,4,3,3.0
2022,891,2,4,2,3,3.0
2022,892,3,4,2,3,3.0
2022,895,2,4,5,4,3.0
2022,899,4,5,5,2,3.0
2022,911,2,4,4,3,3.0
2022,913,3,4,1,4,3.0
2022,922,4,3,4,1,1.0
2022,923,3,5,1,4,3.0
2022,924,1,3,3,5,3.0
2022,926,2,5,2,4,3.0
2022,928,3,2,4,2,3.0
2022,934,2,3,4,3,3.0
2022,940,4,4,3,3,2.0
2022,942,4,2,3,1,2.0
2022,943,3,4,3,4,2.0
2022,947,3,4,5,3,4.0
2022,953,3,4,3,3,3.0
2022,965,2,5,2,3,3.0
2022,973,3,4,4,3,3.0
2022,977,3,4,2,2,4.0
2022,978,2,1,2,3,3.0
2022,980,3,4,5,4,1.0
2022,984,2,4,2,3,3.0
2022,986,3,4,4,5,3.0
2022,989,2,2,2,3,3.0
2022,991,3,2,3,4,3.0
2022,1005,2,4,2,3,5.0
2022,1006,2,2,2,3,3.0
2022,1007,2,2,2,6,1.0
2022,1008,5,2,5,6,4.0
2022,1011,3,2,3,2,2.0
2022,1014,2,2,3,6,1.0
2022,1015,4,4,1,3,3.0
2022,1028,2,4,5,3,2.0
2022,1029,1,4,2,6,4.0
2022,1033,4,4,3,4,3.0
2022,1038,4,2,3,4,3.0
2022,1041,4,4,1,5,3.0
2022,1043,1,5,3,7,4.0
2022,1048,3,2,2,2,3.0
2022,1052,2,4,3,3,3.0
2022,1057,4,3,3,4,4.0
2022,1060,1,5,2,5,4.0
2022,1061,4,4,4,3,3.0
2022,1068,2,2,5,7,3.0
2022,1073,2,4,2,3,3.0
2022,1079,4,4,5,2,5.0
2022,1083,2,3,5,4,3.0
2022,1084,1,5,2,7,4.0
2022,1088,4,2,2,4,5.0
2022,1094,3,3,2,2,2.0
2022,1096,2,3,4,5,3.0
2022,1097,2,5,1,5,3.0
2022,1100,2,4,5,3,3.0
2022,1103,1,4,2,5,4.0
2022,1106,2,5,5,4,5.0
2022,1109,3,4,3,2,2.0
2022,1112,2,3,1,3,3.0
2022,1113,2,4,4,7,5.0
2022,1115,4,4,5,3,5.0
2022,1119,2,4,3,5,4.0
2022,1121,1,5,5,6,5.0
2022,1125,2,4,2,3,3.0
2022,1126,2,2,4,2,3.0
2022,1127,3,1,4,2,2.0
2022,1129,2,4,2,3,2.0
2022,1134,2,3,2,4,3.0
2022,1135,3,5,2,3,2.0
2022,1136,2,4,1,3,2.0
2022,1137,5,4,2,3,4.0
2022,1138,4,4,2,3,3.0
2022,1157,2,2,4,2,3.0
2022,1163,3,3,3,5,3.0
2022,1165,2,4,1,2,3.0
2022,1168,2,2,5,3,3.0
2022,1174,2,4,3,6,4.0
2022,1176,1,5,5,6,5.0
2022,1177,2,3,2,5,4.0
2022,1181,2,4,5,5,4.0
2022,1183,1,3,2,5,2.0
2022,1184,2,3,4,4,3.0
2022,1187,1,4,4,3,4.0
2022,1192,5,5,3,3,2.0
2022,1193,4,5,3,3,3.0
2022,1197,4,4,4,2,1.0
2022,1198,2,5,1,3,3.0
2022,1199,1,5,2,5,4.0
2022,1201,1,5,1,7,5.0
2022,1206,5,3,5,4,3.0
2022,1223,4,4,1,4,2.0
2022,1225,1,5,1,4,3.0
2022,1228,1,4,1,7,4.0
2022,1229,1,5,1,6,4.0
2022,1230,2,5,2,3,3.0
2022,1232,2,5,5,3,3.0
2022,1238,1,5,4,3,3.0
2022,1241,3,3,2,3,3.0
2022,1247,1,4,5,2,3.0
2022,1249,4,2,5,3,3.0
2022,1250,2,5,2,2,3.0
2022,1255,3,5,2,3,4.0
2022,1256,3,3,4,3,3.0
2022,1258,3,5,1,3,3.0
2022,1260,3,5,2,3,2.0
2022,1261,3,4,2,4,3.0
2022,1262,2,4,3,3,3.0
2022,1263,1,5,2,6,4.0
2022,1267,2,2,2,3,2.0
2022,1268,2,4,4,3,3.0
2022,1277,2,2,5,5,4.0
2022,1278,2,3,2,5,5.0
2022,1286,4,4,4,3,2.0
2022,1287,2,4,3,4,3.0
2022,1292,3,3,4,5,3.0
2022,1295,2,4,2,5,4.0
2022,1300,3,5,2,3,4.0
2022,1302,1,5,1,4,4.0
2022,1306,1,5,3,4,3.0
2022,1313,1,4,2,3,3.0
2022,1315,1,4,1,5,3.0
2022,1316,1,3,2,5,4.0
2022,1323,4,4,4,4,2.0
2022,1327,2,3,2,2,3.0
2022,1329,2,4,2,3,3.0
2022,1331,4,4,2,3,3.0
2022,1335,1,4,4,3,3.0
2022,1336,3,5,2,2,3.0
2022,1339,4,4,4,3,3.0
2022,1343,3,2,5,3,2.0
2022,1344,1,4,2,5,4.0
2022,1348,2,4,3,3,3.0
2022,1349,1,4,1,4,3.0
2022,1352,1,2,5,5,5.0
2022,1363,3,4,3,3,3.0
2022,1376,2,5,4,5,3.0
2022,1377,2,2,2,3,3.0
2022,1381,2,4,1,5,3.0
2022,1385,4,4,4,3,3.0
2022,1386,1,5,1,6,5.0
2022,1389,4,2,5,3,5.0
2022,1392,1,5,3,6,4.0
2022,1393,3,5,3,3,3.0
2022,1396,1,5,1,7,5.0
2022,1397,2,5,4,3,3.0
2022,1401,1,5,2,4,3.0
2022,1404,2,2,3,4,3.0
2022,1405,2,5,2,2,3.0
2022,1415,1,4,2,5,3.0
2022,1417,4,5,1,2,1.0
2022,1419,2,4,2,3,3.0
2022,1420,1,4,3,5,3.0
2022,1421,1,4,5,6,5.0
2022,1422,3,4,4,3,3.0
2022,1426,1,4,2,6,4.0
2022,1429,4,5,4,3,3.0
2022,1432,2,3,2,4,4.0
2022,1433,1,4,2,6,5.0
2022,1434,3,5,5,5,3.0
2022,1436,3,5,3,2,3.0
2022,1442,2,2,5,3,1.0
2022,1443,2,4,5,5,3.0
2022,1447,4,5,5,3,3.0
2022,1451,2,1,2,2,1.0
2022,1455,4,5,1,2,1.0
2022,1458,3,3,3,7,5.0
2022,1461,1,5,1,6,4.0
2022,1463,2,4,2,4,4.0
2022,1465,2,3,3,4,3.0
2022,1468,2,4,2,3,2.0
2022,1471,4,3,4,3,2.0
2022,1472,4,5,1,3,3.0
2022,1477,2,2,3,2,1.0
2022,1482,3,4,5,3,2.0
2022,1483,3,3,3,4,2.0
2022,1484,1,4,2,5,5.0
2022,1489,2,4,3,5,4.0
2022,1491,1,1,1,4,1.0
2022,1494,1,5,1,5,3.0
2022,1497,2,3,2,3,3.0
2022,1504,4,3,4,3,3.0
2022,1510,2,4,2,3,3.0
2022,1512,5,5,5,3,3.0
2022,1515,1,2,5,6,5.0
2022,1521,3,5,5,4,2.0
2022,1527,1,4,5,5,5.0
2022,1528,2,4,2,6,3.0
2022,1529,2,4,5,5,3.0
2022,1531,2,5,3,4,3.0
2022,1533,2,4,2,4,3.0
2022,1534,2,3,2,3,3.0
2022,1537,1,1,1,4,5.0
2022,1539,4,5,2,3,2.0
2022,1545,2,4,1,3,3.0
2022,1546,4,4,2,3,3.0
2022,1548,1,4,2,7,5.0
2022,1552,3,4,3,2,3.0
2022,1553,3,5,5,2,3.0
2022,1555,5,5,3,2,2.0
2022,1558,3,3,2,5,4.0
2022,1567,1,3,3,7,5.0
2022,1569,1,4,1,5,3.0
2022,1571,3,4,3,4,3.0
2022,1572,3,4,3,6,4.0
2022,1579,3,3,4,4,2.0
2022,1580,3,4,3,3,3.0
2022,1587,1,3,4,3,3.0
2022,1588,2,3,4,3,3.0
2022,1592,4,5,2,2,2.0
2022,1597,2,4,2,6,2.0
2022,1598,1,5,1,5,3.0
2022,1601,2,4,1,3,4.0
2022,1604,4,4,2,2,2.0
2022,1606,1,4,5,3,4.0
2022,1614,1,3,4,4,3.0
2022,1615,1,5,1,2,3.0
2022,1620,1,5,5,4,4.0
2022,1625,3,3,5,4,2.0
2022,1626,1,5,1,5,4.0
2022,1627,3,4,2,3,3.0
2022,1630,2,3,3,4,4.0
2022,1631,3,3,2,3,2.0
2022,1633,2,4,2,5,3.0
2022,1634,1,4,1,1,4.0
2022,1635,3,3,3,3,3.0
2022,1643,2,4,2,3,3.0
2022,1644,2,4,4,3,3.0
2022,1647,3,4,3,3,3.0
2022,1648,3,4,4,3,3.0
2022,1651,1,4,5,6,5.0
2022,1653,3,2,3,3,3.0
2022,1661,2,4,1,5,3.0
2022,1666,2,5,3,3,3.0
2022,1672,1,5,5,3,2.0
2022,1681,4,5,3,2,3.0
2022,1683,2,4,4,5,4.0
2022,1686,2,3,5,6,4.0
2022,1688,2,4,1,1,1.0
2022,1691,4,2,5,5,3.0
2022,1695,4,3,5,1,2.0
2022,1702,1,4,2,6,3.0
2022,1709,2,2,2,3,3.0
2022,1710,2,4,2,3,4.0
2022,1715,1,3,5,6,4.0
2022,1716,3,3,5,4,4.0
2022,1718,1,3,3,5,4.0
2022,1723,1,5,2,3,2.0
2022,1726,5,4,4,4,3.0
2022,1732,2,4,5,3,5.0
2022,1736,4,4,5,7,1.0
2022,1737,2,3,5,3,3.0
2022,1738,1,2,5,5,5.0
2022,1741,4,3,4,3,3.0
2022,1748,2,4,3,3,3.0
2022,1750,4,4,2,3,2.0
2022,1755,3,2,3,3,2.0
2022,1759,1,5,2,6,3.0
2022,1765,2,3,3,4,3.0
2022,1766,2,4,1,6,4.0
2022,1778,3,2,3,3,3.0
2022,1779,2,2,4,5,4.0
2022,1781,1,3,2,6,5.0
2022,1786,2,2,4,3,3.0
2022,1790,1,3,3,4,3.0
2022,1791,4,5,3,4,1.0
2022,1794,4,5,2,5,1.0
2022,1796,3,4,3,3,2.0
2022,1799,3,2,4,3,3.0
2022,1800,3,3,2,2,2.0
2022,1801,2,4,1,6,4.0
2022,1803,4,2,3,2,2.0
2022,1804,4,2,2,3,3.0
2022,1809,3,4,1,3,4.0
2022,1810,4,4,3,4,3.0
2022,1811,3,3,3,1,1.0
2022,1814,1,5,1,6,4.0
2022,1820,2,4,5,3,3.0
2022,1823,2,5,3,2,2.0
2022,1824,4,4,2,3,1.0
2022,1825,1,5,1,5,4.0
2022,1829,1,4,2,3,3.0
2022,1831,2,4,4,5,4.0
2022,1832,1,4,3,3,3.0
2022,1838,2,4,3,4,4.0
2022,1840,2,5,2,3,3.0
2022,1843,5,3,3,2,3.0
2022,1844,2,4,3,5,3.0
2022,1851,3,3,3,4,4.0
2022,1861,1,5,1,7,5.0
2022,1862,3,4,1,3,4.0
2022,1865,2,5,1,3,3.0
2022,1867,3,4,2,2,2.0
2022,1870,4,2,4,3,2.0
2022,1878,2,2,3,3,3.0
2022,1882,1,4,2,5,2.0
2022,1884,1,4,3,3,3.0
2022,1886,2,4,2,3,2.0
2022,1887,2,2,5,2,3.0
2022,1888,2,2,4,3,3.0
2022,1892,4,3,3,3,3.0
2022,1893,2,4,2,3,3.0
2022,1899,1,5,5,6,5.0
2022,1900,4,4,3,2,3.0
2022,1902,4,4,3,2,3.0
2022,1905,2,3,3,4,3.0
2022,1906,1,1,2,3,1.0
2022,1908,2,5,1,5,5.0
2022,1915,3,3,3,2,2.0
2022,1917,4,4,2,3,2.0
2022,1918,2,3,5,5,3.0
2022,1919,2,5,2,3,4.0
2022,1925,2,4,1,5,3.0
2022,1929,2,2,5,3,2.0
2022,1931,2,4,2,6,4.0
2022,1944,1,4,1,6,5.0
2022,1945,1,4,3,6,4.0
2022,1955,2,4,2,5,3.0
2022,1956,3,4,2,3,2.0
2022,1959,1,4,1,7,4.0
2022,1972,4,5,2,5,4.0
2022,1977,2,4,2,2,4.0
2022,1981,2,4,3,3,3.0
2022,1989,1,5,1,6,4.0
2022,1993,3,4,2,3,2.0
2022,1994,2,2,5,3,2.0
2022,1995,1,5,1,6,4.0
2022,1996,3,4,3,1,2.0
2022,1999,1,4,1,6,3.0
2022,2001,3,3,2,2,3.0
2022,2003,2,4,5,5,3.0
2022,2009,3,4,2,5,3.0
2022,2011,1,5,1,5,4.0
2022,2012,2,5,4,6,4.0
2022,2014,2,2,3,5,4.0
2022,2016,1,5,5,5,3.0
2022,2017,1,4,1,7,5.0
2022,2018,1,4,4,3,5.0
2022,2020,2,4,2,3,3.0
2022,2022,3,5,2,3,4.0
2022,2028,2,5,1,5,3.0
2022,2029,2,4,2,4,2.0
2022,2034,1,5,1,3,3.0
2022,2039,4,5,1,3,2.0
2022,2042,2,5,2,3,3.0
2022,2043,2,4,3,3,3.0
2022,2044,2,2,2,2,3.0
2022,2045,2,2,5,3,3.0
2022,2049,4,2,4,3,3.0
2022,2051,1,5,5,4,3.0
2022,2054,2,4,2,4,3.0
2022,2059,1,5,1,6,4.0
2022,2064,1,3,3,2,4.0
2022,2072,2,5,3,4,3.0
2022,2073,1,5,1,7,4.0
2022,2077,5,4,1,3,3.0
2022,2084,2,4,2,3,4.0
2022,2086,4,4,2,3,2.0
2022,2091,4,2,3,2,3.0
2022,2101,3,4,2,3,3.0
2022,2103,2,2,3,4,3.0
2022,2108,3,4,2,4,3.0
2022,2110,1,5,5,5,4.0
2022,2118,2,4,2,5,3.0
2022,2119,1,4,2,4,4.0
2022,2120,4,4,4,3,3.0
2022,2129,2,3,3,5,3.0
2022,2137,3,3,3,3,2.0
2022,2139,2,2,2,3,3.0
2022,2140,4,3,3,2,1.0
2022,2141,2,2,2,3,3.0
2022,2143,2,2,5,3,3.0
2022,2153,3,4,5,3,3.0
2022,2155,3,4,4,4,3.0
2022,2156,2,3,4,4,4.0
2022,2160,3,5,5,2,3.0
2022,2163,4,5,5,3,3.0
2022,2167,2,2,3,4,3.0
2022,2168,3,4,2,3,3.0
2022,2174,4,2,4,3,3.0
2022,2175,3,5,4,4,3.0
2022,2178,2,4,2,4,4.0
2022,2179,3,2,2,1,2.0
2022,2182,2,4,4,3,3.0
2022,2183,1,4,5,7,5.0
2022,2184,2,3,3,3,3.0
2022,2188,2,1,5,4,3.0
2022,2189,2,5,2,3,3.0
2022,2190,3,4,3,3,3.0
2022,2195,4,4,2,1,2.0
2022,2199,2,2,2,3,3.0
2022,2200,1,1,5,5,4.0
2022,2204,1,5,1,6,5.0
2022,2206,3,2,5,4,3.0
2022,2210,3,3,5,3,4.0
2022,2212,2,4,2,2,3.0
2022,2213,1,4,3,4,3.0
2022,2218,2,2,5,5,3.0
2022,2219,3,3,2,4,3.0
2022,2222,2,2,5,3,3.0
2022,2234,3,5,4,3,3.0
2022,2237,2,5,5,3,2.0
2022,2244,2,5,2,3,3.0
2022,2256,1,4,2,4,5.0
2022,2257,2,2,3,4,3.0
2022,2259,3,5,3,4,3.0
2022,2260,2,5,4,6,4.0
2022,2264,3,2,5,2,2.0
2022,2271,2,2,5,5,4.0
2022,2273,4,2,1,2,2.0
2022,2276,3,3,3,3,2.0
2022,2278,2,3,4,2,2.0
2022,2279,1,4,3,5,4.0
2022,2283,2,3,5,4,4.0
2022,2285,2,4,3,3,3.0
2022,2287,1,5,5,7,5.0
2022,2292,4,4,1,1,1.0
2022,2302,2,5,2,3,3.0
2022,2304,3,2,5,3,3.0
2022,2305,3,5,5,3,5.0
2022,2307,4,3,3,7,3.0
2022,2309,4,4,3,2,5.0
2022,2315,2,4,2,2,2.0
2022,2319,2,3,1,5,4.0
2022,2321,1,4,2,5,3.0
2022,2324,2,5,3,5,3.0
2022,2329,3,5,2,3,3.0
2022,2338,2,5,2,4,3.0
2022,2340,3,5,2,2,2.0
2022,2341,3,4,2,2,2.0
2022,2343,2,4,3,6,3.0
2022,2346,1,3,2,5,3.0
2022,2348,2,4,2,4,4.0
2022,2352,2,5,5,4,3.0
2022,2353,2,2,3,2,3.0
2022,2359,2,4,4,5,4.0
2022,2363,4,4,4,3,3.0
2022,2375,3,5,4,3,3.0
2022,2376,3,3,3,4,3.0
2022,2388,2,4,2,3,3.0
2022,2389,1,3,2,3,2.0
2022,2402,2,4,3,3,4.0
2022,2410,1,4,3,6,3.0
2022,2416,2,4,4,2,2.0
2022,2422,3,2,2,3,3.0
2022,2427,3,4,3,4,3.0
2022,2435,2,1,5,5,1.0
2022,2436,1,4,1,5,4.0
2022,2439,3,4,3,3,2.0
2022,2441,2,5,5,7,5.0
2022,2442,4,2,2,1,2.0
2022,2447,4,2,2,3,3.0
2022,2455,2,4,3,4,3.0
2022,2463,2,3,4,4,3.0
2022,2466,4,2,4,3,3.0
2022,2468,3,3,5,4,5.0
2022,2477,1,3,4,2,3.0
2022,2488,1,4,1,5,4.0
2022,2491,4,3,2,3,3.0
2022,2494,2,2,2,2,3.0
2022,2495,2,4,2,3,2.0
2022,2499,1,5,1,6,5.0
2022,2500,5,4,3,5,4.0
2022,2506,3,3,3,4,3.0
2022,2508,1,1,5,5,5.0
2022,2510,2,3,4,3,2.0
2022,2513,3,3,1,4,3.0
2022,2514,2,5,2,3,3.0
2022,2515,2,4,4,2,2.0
2022,2519,2,2,2,5,2.0
2022,2525,4,5,3,1,2.0
2022,2526,3,5,3,5,4.0
2022,2540,2,2,4,5,5.0
2022,2541,3,3,2,3,2.0
2022,2542,3,4,5,4,3.0
2022,2545,3,3,5,4,4.0
2022,2551,2,4,2,5,3.0
2022,2552,2,2,2,4,4.0
2022,2553,2,2,5,3,3.0
2022,2557,4,2,5,3,2.0
2022,2566,3,1,5,3,3.0
2022,2568,3,2,5,5,4.0
2022,2571,2,5,2,3,2.0
2022,2572,1,3,2,7,5.0
2022,2577,1,5,1,6,4.0
2022,2580,1,4,2,3,3.0
2022,2583,1,1,4,3,3.0
2022,2584,2,4,2,4,3.0
2022,2588,2,4,4,3,4.0
2022,2589,2,4,2,5,4.0
2022,2593,2,2,5,4,4.0
2022,2594,2,3,2,3,3.0
2022,2595,2,3,2,3,3.0
2022,2596,3,3,5,2,3.0
2022,2608,2,4,5,3,3.0
2022,2612,3,5,3,4,3.0
2022,2625,3,4,4,3,2.0
2022,2631,2,2,5,1,1.0
2022,2635,1,4,1,3,3.0
2022,2639,2,2,2,5,3.0
2022,2640,1,3,3,4,3.0
2022,2642,1,5,1,7,5.0
2022,2652,1,4,1,3,3.0
2022,2654,2,1,5,4,3.0
2022,2655,3,4,2,2,2.0
2022,2661,2,5,1,3,3.0
2022,2662,3,1,4,3,2.0
2022,2668,4,5,4,2,2.0
2022,2670,2,3,2,5,3.0
2022,2673,2,2,5,4,5.0
2022,2678,2,3,2,3,3.0
2022,2680,2,4,5,7,5.0
2022,2682,1,5,5,6,1.0
2022,2687,3,3,3,3,3.0
2022,2688,2,4,2,6,4.0
2022,2692,2,3,3,4,3.0
2022,2695,1,3,2,6,4.0
2022,2703,2,5,2,5,3.0
2022,2704,1,4,3,4,3.0
2022,2710,4,2,3,1,2.0
2022,2712,1,4,2,6,4.0
2022,2714,2,4,2,3,4.0
2022,2728,4,4,3,2,3.0
2022,2729,3,3,3,2,2.0
2022,2734,2,5,2,3,2.0
2022,2735,4,3,3,3,3.0
2022,2739,2,4,5,3,2.0
2022,2740,4,4,2,2,2.0
2022,2744,1,5,1,7,4.0
2022,2749,4,4,2,2,2.0
2022,2753,2,2,5,3,3.0
2022,2754,2,4,3,4,4.0
2022,2756,3,3,3,3,2.0
2022,2757,1,5,1,7,4.0
2022,2761,2,2,3,4,5.0
2022,2766,4,4,2,2,2.0
2022,2767,2,4,3,4,3.0
2022,2774,1,5,2,6,3.0
2022,2780,2,4,1,5,3.0
2022,2782,4,4,4,2,3.0
2022,2789,4,4,4,3,2.0
2022,2792,1,4,1,5,3.0
2022,2794,2,2,2,5,4.0
2022,2795,4,4,2,3,2.0
2022,2800,1,5,1,5,3.0
2022,2804,4,5,5,3,3.0
2022,2806,5,4,1,6,4.0
2022,2807,2,2,5,3,3.0
2022,2809,3,5,5,2,3.0
2022,2810,2,5,2,6,5.0
2022,2811,2,4,3,2,2.0
2022,2813,3,5,2,3,3.0
2022,2820,3,2,4,3,3.0
2022,2823,1,4,2,5,2.0
2022,2824,2,4,3,3,3.0
2022,2828,3,2,2,2,2.0
2022,2837,2,4,5,3,2.0
2022,2839,2,4,5,2,4.0
2022,2841,3,4,4,3,2.0
2022,2842,3,4,2,3,4.0
2022,2844,4,3,4,2,2.0
2022,2845,2,2,2,3,3.0
2022,2854,3,3,2,3,3.0
2022,2855,3,3,3,3,3.0
2022,2863,3,4,5,3,3.0
2022,2866,1,2,5,6,4.0
2022,2870,5,5,2,3,1.0
2022,2871,3,4,3,3,2.0
2022,2874,2,5,3,4,3.0
2022,2877,2,5,2,5,2.0
2022,2878,3,5,1,3,2.0
2022,2886,2,4,4,5,3.0
2022,2888,2,3,3,3,4.0
2022,2903,3,3,2,5,2.0
2022,2904,3,4,2,4,3.0
2022,2905,3,2,5,4,2.0
2022,2906,3,2,3,2,2.0
2022,2909,3,3,4,3,3.0
2022,2912,2,4,4,3,3.0
2022,2913,3,5,3,4,3.0
2022,2914,3,3,3,4,3.0
2022,2916,2,4,5,5,3.0
2022,2918,4,3,5,1,3.0
2022,2920,3,3,3,3,2.0
2022,2924,4,3,3,2,3.0
2022,2925,3,3,4,3,3.0
2022,2934,3,5,3,3,3.0
2022,2941,1,2,3,5,5.0
2022,2950,4,4,3,1,3.0
2022,2953,2,2,2,2,3.0
2022,2955,3,5,2,3,3.0
2022,2959,2,5,3,3,3.0
2022,2960,2,2,3,3,3.0
2022,2962,5,5,4,3,2.0
2022,2964,4,2,5,4,2.0
2022,2968,2,4,1,5,3.0
2022,2973,4,1,5,5,4.0
2022,2975,1,4,2,5,2.0
2022,2979,5,2,5,3,3.0
2022,2985,5,5,2,2,4.0
2022,2986,2,2,5,4,3.0
2022,2987,1,5,1,7,4.0
2022,2991,4,3,3,5,2.0
2022,2998,2,2,2,4,3.0
2022,3000,1,5,1,7,4.0
2022,3003,1,5,1,6,4.0
2022,3004,2,3,5,5,3.0
2022,3005,3,4,2,4,3.0
2022,3013,2,4,5,4,3.0
2022,3015,2,5,5,5,4.0
2022,3017,4,4,2,2,3.0
2022,3023,4,2,4,2,2.0
2022,3024,2,2,3,2,2.0
2022,3027,1,2,2,2,3.0
2022,3032,1,5,2,6,4.0
2022,3033,2,5,1,2,3.0
2022,3035,3,3,5,7,5.0
2022,3039,2,4,2,6,4.0
2022,3040,3,4,3,4,3.0
2022,3047,5,4,4,5,4.0
2022,3048,2,4,2,7,4.0
2022,3053,2,4,1,4,4.0
2022,3055,3,4,5,2,2.0
2022,3057,2,4,3,3,3.0
2022,3061,4,5,2,4,2.0
2022,3068,4,4,1,1,2.0
2022,3069,3,5,5,2,3.0
2022,3070,5,3,5,1,2.0
2022,3079,2,4,5,5,4.0
2022,3080,1,5,1,6,3.0
2022,3081,1,5,1,6,5.0
2022,3082,1,4,1,5,4.0
2022,3085,4,4,1,3,3.0
2022,3087,2,4,2,6,5.0
2022,3091,3,2,5,3,3.0
2022,3092,3,5,3,3,3.0
2022,3100,3,1,3,3,3.0
2022,3103,2,3,2,3,3.0
2022,3112,3,4,2,4,2.0
2022,3121,4,3,4,4,3.0
2022,3122,1,4,2,5,4.0
2022,3123,4,4,1,4,4.0
2022,3134,1,5,1,7,4.0
2022,3138,3,4,5,3,3.0
2022,3165,3,2,5,3,3.0
2022,3173,2,3,5,4,3.0
2022,3177,2,3,4,2,3.0
2022,3182,2,3,4,5,2.0
2022,3184,2,4,3,5,3.0
2022,3185,4,4,2,3,3.0
2022,3190,1,5,1,7,5.0
2022,3212,3,3,2,1,2.0
2022,3218,2,3,2,3,3.0
2022,3221,2,2,5,3,3.0
2022,3223,2,4,2,3,3.0
2022,3227,2,5,1,6,5.0
2022,3236,2,4,5,5,4.0
2022,3250,3,5,5,3,3.0
2022,3251,2,4,5,3,3.0
2022,3252,2,3,2,5,4.0
2022,3253,2,2,4,2,4.0
2022,3255,1,5,3,2,3.0
2022,3256,1,5,3,5,3.0
2022,3257,2,2,2,4,3.0
2022,3266,2,2,5,3,4.0
2022,3267,2,1,2,4,1.0
2022,3269,1,4,5,5,3.0
2022,3277,3,4,5,5,3.0
2022,3280,2,5,2,3,2.0
2022,3284,2,3,2,1,2.0
2022,3288,3,2,5,3,3.0
2022,3291,3,1,5,3,3.0
2022,3294,3,3,2,3,3.0
2022,3297,1,3,3,5,4.0
2022,3303,2,2,2,5,4.0
2022,3305,2,4,1,5,4.0
2022,3307,1,4,2,5,5.0
2022,3311,2,2,3,3,3.0
2022,3314,1,2,4,5,4.0
2022,3315,3,3,3,4,3.0
2022,3317,2,5,3,3,3.0
2022,3324,2,4,5,5,3.0
2022,3325,1,5,2,5,4.0
2022,3332,4,2,2,2,3.0
2022,3333,3,5,1,3,3.0
2022,3335,2,4,1,4,3.0
2022,3339,2,2,3,4,3.0
2022,3340,4,2,5,2,2.0
2022,3343,4,3,3,3,3.0
2022,3349,2,2,1,7,5.0
2022,3350,1,4,2,3,3.0
2022,3352,3,4,2,4,3.0
2022,3356,1,1,5,4,3.0
2022,3357,3,4,3,3,3.0
2022,3358,1,1,5,7,5.0
2022,3360,1,5,2,5,5.0
2022,3362,1,4,2,3,4.0
2022,3366,1,5,1,6,4.0
2022,3367,3,3,2,2,2.0
2022,3373,2,3,3,3,3.0
2022,3376,4,4,2,3,3.0
2022,3378,1,5,1,6,4.0
2022,3383,2,2,4,3,2.0
2022,3384,4,3,3,3,2.0
2022,3387,4,2,3,3,3.0
2022,3407,4,3,4,2,1.0
2022,3408,4,3,1,3,2.0
2022,3415,4,4,4,2,3.0
2022,3416,2,5,1,2,4.0
2022,3423,5,5,5,2,2.0
2022,3424,2,5,5,5,1.0
2022,3427,1,5,1,1,1.0
2022,3432,4,4,4,2,4.0
2022,3435,3,1,4,3,2.0
2022,3436,2,2,5,2,4.0
2022,3440,3,4,5,3,3.0
2022,3442,3,4,5,1,2.0
2022,3447,1,4,5,7,4.0
2022,3450,3,1,3,4,4.0
2022,3451,2,5,3,1,3.0
2022,3452,1,5,4,5,4.0
2022,3454,3,2,4,3,3.0
2022,3455,2,2,5,4,4.0
2022,3476,2,2,3,4,3.0
2022,3479,2,3,5,3,3.0
2022,3482,2,3,2,3,3.0
2022,3486,5,5,3,1,1.0
2022,3489,3,5,1,5,4.0
2022,3493,3,3,2,4,3.0
2022,3495,2,5,3,5,4.0
2022,3503,1,5,2,3,1.0
2022,3510,4,4,2,3,4.0
2022,3513,2,2,5,4,3.0
2022,3515,1,3,5,6,2.0
2022,3517,3,2,5,4,3.0
2022,3519,2,5,1,2,2.0
2022,3532,3,3,3,3,3.0
2022,3533,2,5,1,5,3.0
2022,3538,2,5,2,3,3.0
2022,3539,5,5,2,2,2.0
2022,3544,3,5,2,3,2.0
